sander_emulate_profiles,radical,0,299.26
sander_emulate_profiles,radical,1,289.99
sander_emulate_profiles,radical,2,293.99
sander_emulate_profiles,radical,3,286.99
sander_emulate_profiles,radical,4,289.99
sander_emulate_profiles,radical,5,289.99
sander_emulate_profiles,radical,6,292.00
sander_emulate_profiles,radical,7,290.99
sander_emulate_profiles,radical,8,290.99
sander_emulate_profiles,radical,9,288.00
sander_emulate_profiles,radical,10,291.99
sander_emulate_profiles,radical,11,290.00
sander_emulate_profiles,radical,12,287.99
sander_emulate_profiles,radical,13,294.00
sander_emulate_profiles,radical,14,288.99
sander_emulate_profiles,radical,15,286.99
sander_emulate_profiles,radical,16,288.00
sander_emulate_profiles,radical,17,289.00
sander_emulate_profiles,radical,18,288.99
sander_emulate_profiles,radical,19,286.99
sander_emulate_profiles,radical,20,285.99
sander_emulate_profiles,radical,21,289.00
sander_emulate_profiles,radical,22,289.99
sander_emulate_profiles,radical,23,289.00
sander_emulate_profiles,radical,24,292.99
sander_emulate_profiles,radical,25,293.00
sander_emulate_profiles,radical,26,287.99
sander_emulate_profiles,radical,27,287.99
sander_emulate_profiles,radical,28,308.00
sander_emulate_profiles,radical,29,358.99
sander_emulate_profiles,radical,30,377.99
sander_emulate_profiles,radical,31,372.46
sander_emulate_profiles,radical,32,352.53
sander_emulate_profiles,radical,33,318.12
sander_emulate_profiles,radical,34,318.93
sander_emulate_profiles,radical,35,319.94
sander_emulate_profiles,radical,36,312.99
sander_emulate_profiles,radical,37,312.00
sander_emulate_profiles,radical,38,302.32
sander_emulate_profiles,radical,39,305.67
sander_emulate_profiles,radical,40,306.99
sander_emulate_profiles,radical,41,316.99
sander_emulate_profiles,radical,42,301.99
sander_emulate_profiles,radical,43,297.99
sander_emulate_profiles,radical,44,304.99
sander_emulate_profiles,radical,45,306.27
sander_emulate_profiles,radical,46,302.72
sander_emulate_profiles,radical,47,303.99
sander_emulate_profiles,radical,48,308.00
sander_emulate_profiles,radical,49,296.99
sander_emulate_profiles,radical,50,294.99
sander_emulate_profiles,radical,51,305.00
sander_emulate_profiles,radical,52,297.99
sander_emulate_profiles,radical,53,288.00
sander_emulate_profiles,radical,54,292.99
sander_emulate_profiles,radical,55,288.99
sander_emulate_profiles,radical,56,290.00
sander_emulate_profiles,radical,57,288.00
sander_emulate_profiles,radical,58,290.99
sander_emulate_profiles,radical,59,288.00
sander_emulate_profiles,radical,60,287.99
sander_emulate_profiles,radical,61,288.99
sander_emulate_profiles,radical,62,290.99
sander_emulate_profiles,radical,63,287.99
sander_emulate_profiles,radical,64,289.99
sander_emulate_profiles,radical,65,287.99
sander_emulate_profiles,radical,66,288.99
sander_emulate_profiles,radical,67,288.00
sander_emulate_profiles,radical,68,290.99
sander_emulate_profiles,radical,69,289.21
